{
  "mp0-small/water3": {
    "natoms": 3,
    "e2e_ms": 2.7262294897809625,
    "e2e_min_ms": 1.843790989369154,
    "peak_mem_mb": 48.20141,
    "nl_ms": 0.10804098565131426,
    "n_edges": 6,
    "prep_ms": 0.00825000461190939,
    "graph_build_ms": 0.41562499245628715,
    "vag_ms": 1.676083542406559,
    "fwd_ms": 1.106333511415869,
    "stages_ms": {
      "edge_vec": 0.18270802684128284,
      "sh": 0.26533298660069704,
      "radial": 0.2246249932795763,
      "embed": 0.1740839798003435,
      "inter0": 0.4624580033123493,
      "prod0": 0.3120830515399575,
      "inter1": 0.4640829283744097,
      "prod1": 0.31729089096188545
    }
  },
  "mp0-small/Si64": {
    "natoms": 64,
    "e2e_ms": 11.01245847530663,
    "e2e_min_ms": 10.937874903902411,
    "peak_mem_mb": 783.960532,
    "nl_ms": 0.699999975040555,
    "n_edges": 2944,
    "prep_ms": 0.02050003968179226,
    "graph_build_ms": 0.42866647709161043,
    "vag_ms": 10.82216651411727,
    "fwd_ms": 5.363499978557229,
    "stages_ms": {
      "edge_vec": 0.23966608569025993,
      "sh": 0.32170896884053946,
      "radial": 0.23920799139887094,
      "embed": 0.18641597125679255,
      "inter0": 1.1720419861376286,
      "prod0": 1.7452080501243472,
      "inter1": 1.2154170544818044,
      "prod1": 1.7659170553088188
    }
  },
  "mp0-small/Cu108": {
    "natoms": 108,
    "e2e_ms": 26.29631251329556,
    "e2e_min_ms": 26.114084059372544,
    "peak_mem_mb": 1549.251716,
    "nl_ms": 1.8902500160038471,
    "n_edges": 9288,
    "prep_ms": 0.020666979253292084,
    "graph_build_ms": 0.42606249917298555,
    "vag_ms": 26.010083500295877,
    "fwd_ms": 11.567228997591883,
    "stages_ms": {
      "edge_vec": 0.2681659534573555,
      "sh": 0.47874997835606337,
      "radial": 0.3172500291839242,
      "embed": 0.19929104018956423,
      "inter0": 3.0844169668853283,
      "prod0": 2.9029580764472485,
      "inter1": 3.1218749936670065,
      "prod1": 2.8759590350091457
    }
  },
  "mp0-small/Si216": {
    "natoms": 216,
    "e2e_ms": 37.427291565109044,
    "e2e_min_ms": 36.73895797692239,
    "peak_mem_mb": 2106.177036,
    "nl_ms": 1.056583016179502,
    "n_edges": 9936,
    "prep_ms": 0.03408303018659353,
    "graph_build_ms": 0.4233954823575914,
    "vag_ms": 36.32745804497972,
    "fwd_ms": 16.798020515125245,
    "stages_ms": {
      "edge_vec": 0.23658305872231722,
      "sh": 0.411542016081512,
      "radial": 0.2567910123616457,
      "embed": 0.18375006038695574,
      "inter0": 3.2660829601809382,
      "prod0": 5.399083020165563,
      "inter1": 3.280041040852666,
      "prod1": 5.392250022850931
    }
  },
  "mp0-small/Si512": {
    "natoms": 512,
    "e2e_ms": 86.34106250246987,
    "e2e_min_ms": 85.95437498297542,
    "peak_mem_mb": 3767.407924,
    "nl_ms": 2.0566669991239905,
    "n_edges": 23552,
    "prep_ms": 0.05295802839100361,
    "graph_build_ms": 0.42416644282639027,
    "vag_ms": 85.69924999028444,
    "fwd_ms": 39.763103995937854,
    "stages_ms": {
      "edge_vec": 0.2541251014918089,
      "sh": 0.5720000481233001,
      "radial": 0.28083298821002245,
      "embed": 0.19237503875046968,
      "inter0": 7.3122079484164715,
      "prod0": 12.535833986476064,
      "inter1": 7.35812506172806,
      "prod1": 12.647207942791283
    }
  },
  "mp0-small/Si1000": {
    "natoms": 1000,
    "e2e_ms": 172.57864598650485,
    "e2e_min_ms": 172.00416699051857,
    "peak_mem_mb": 6976.616396,
    "nl_ms": 3.591374959796667,
    "n_edges": 46000,
    "prep_ms": 0.09445799514651299,
    "graph_build_ms": 0.43212546734139323,
    "vag_ms": 172.81527107115835,
    "fwd_ms": 79.08927102107555,
    "stages_ms": {
      "edge_vec": 0.28091692365705967,
      "sh": 0.984541024081409,
      "radial": 0.37508399691432714,
      "embed": 0.1990000018849969,
      "inter0": 14.037000015377998,
      "prod0": 25.26666596531868,
      "inter1": 14.100417029112577,
      "prod1": 25.348791969008744
    }
  },
  "mp0-small/Si2000": {
    "natoms": 2000,
    "e2e_ms": 350.95089551759884,
    "e2e_min_ms": 349.2110000224784,
    "peak_mem_mb": 12436.64912,
    "nl_ms": 8.585957926698029,
    "n_edges": 92000,
    "prep_ms": 0.29329198878258467,
    "graph_build_ms": 0.4422499914653599,
    "vag_ms": 351.30406252574176,
    "fwd_ms": 160.21175001515076,
    "stages_ms": {
      "edge_vec": 0.32645801547914743,
      "sh": 1.8833329668268561,
      "radial": 0.4407920641824603,
      "embed": 0.206290977075696,
      "inter0": 28.29537494108081,
      "prod0": 51.761207985691726,
      "inter1": 28.731583966873586,
      "prod1": 51.13549996167421
    }
  },
  "mpa0-medium/water3": {
    "natoms": 3,
    "e2e_ms": 3.5820415359921753,
    "e2e_min_ms": 3.3950000070035458,
    "peak_mem_mb": 158.267448,
    "nl_ms": 0.1016249880194664,
    "n_edges": 6,
    "prep_ms": 0.0075410353019833565,
    "graph_build_ms": 0.9591460111550987,
    "vag_ms": 3.689687524456531,
    "fwd_ms": 2.151124528609216,
    "stages_ms": {
      "edge_vec": 0.1753329997882247,
      "sh": 0.262125045992434,
      "radial": 0.2764579840004444,
      "embed": 0.16775005497038364,
      "inter0": 0.6740830140188336,
      "prod0": 0.6118749734014273,
      "inter1": 0.7685000309720635,
      "prod1": 0.3067499492317438
    }
  },
  "mpa0-medium/Si64": {
    "natoms": 64,
    "e2e_ms": 44.0280829789117,
    "e2e_min_ms": 42.97920793760568,
    "peak_mem_mb": 1998.02036,
    "nl_ms": 0.693541020154953,
    "n_edges": 2944,
    "prep_ms": 0.019583036191761494,
    "graph_build_ms": 0.9381459676660597,
    "vag_ms": 42.53520799102262,
    "fwd_ms": 22.25249947514385,
    "stages_ms": {
      "edge_vec": 0.2252910053357482,
      "sh": 0.4129169974476099,
      "radial": 0.39837497752159834,
      "embed": 0.20195904653519392,
      "inter0": 2.7097079437226057,
      "prod0": 6.50458293966949,
      "inter1": 11.615250026807189,
      "prod1": 1.8346250290051103
    }
  },
  "mpa0-medium/Cu108": {
    "natoms": 108,
    "e2e_ms": 109.75566698471084,
    "e2e_min_ms": 108.53695799596608,
    "peak_mem_mb": 3418.56374,
    "nl_ms": 1.973415957763791,
    "n_edges": 9288,
    "prep_ms": 0.03608304541558027,
    "graph_build_ms": 0.9638959891162813,
    "vag_ms": 108.65279199788347,
    "fwd_ms": 52.52147902501747,
    "stages_ms": {
      "edge_vec": 0.21529104560613632,
      "sh": 0.42145804036408663,
      "radial": 0.3297500079497695,
      "embed": 0.18316693603992462,
      "inter0": 5.360832903534174,
      "prod0": 10.625959024764597,
      "inter1": 34.15462502744049,
      "prod1": 2.802541945129633
    }
  },
  "mpa0-medium/Si216": {
    "natoms": 216,
    "e2e_ms": 158.75154151581228,
    "e2e_min_ms": 141.99112495407462,
    "peak_mem_mb": 4531.156896,
    "nl_ms": 1.1992499930784106,
    "n_edges": 9936,
    "prep_ms": 0.03595789894461632,
    "graph_build_ms": 1.0231459746137261,
    "vag_ms": 160.673999984283,
    "fwd_ms": 81.40752103645355,
    "stages_ms": {
      "edge_vec": 0.26708305813372135,
      "sh": 0.6257499335333705,
      "radial": 0.3964169882237911,
      "embed": 0.2025000285357237,
      "inter0": 8.747917017899454,
      "prod0": 24.65208398643881,
      "inter1": 40.674125077202916,
      "prod1": 6.521875038743019
    }
  },
  "mpa0-medium/Si512": {
    "natoms": 512,
    "e2e_ms": 335.8911874820478,
    "e2e_min_ms": 335.0258340360597,
    "peak_mem_mb": 10070.00954,
    "nl_ms": 2.193208085373044,
    "n_edges": 23552,
    "prep_ms": 0.07312500383704901,
    "graph_build_ms": 0.9953125263564289,
    "vag_ms": 341.357562399935,
    "fwd_ms": 167.85870847525075,
    "stages_ms": {
      "edge_vec": 0.25691709015518427,
      "sh": 0.6669579306617379,
      "radial": 0.41974999476224184,
      "embed": 0.21408300381153822,
      "inter0": 17.92754093185067,
      "prod0": 53.3018340356648,
      "inter1": 84.40512500237674,
      "prod1": 12.777250027284026
    }
  },
  "mpa0-medium/Si1000": {
    "natoms": 1000,
    "e2e_ms": 677.5629374897107,
    "e2e_min_ms": 661.8930000113323,