{
  "mp0-small/water3": {
    "natoms": 3,
    "e2e_ms": 1.7618960118852556,
    "peak_mem_mb": 48.458778,
    "vag_ms": 1.7282710177823901,
    "fwd_ms": 1.1350630084052682
  },
  "mp0-small/Si64": {
    "natoms": 64,
    "e2e_ms": 10.634625039529055,
    "peak_mem_mb": 795.445624,
    "vag_ms": 10.74964547296986,
    "fwd_ms": 5.314354493748397
  },
  "mp0-small/Cu108": {
    "natoms": 108,
    "e2e_ms": 25.187061983160675,
    "peak_mem_mb": 1673.58824,
    "vag_ms": 26.00199996959418,
    "fwd_ms": 10.802686971146613
  },
  "mp0-small/Si216": {
    "natoms": 216,
    "e2e_ms": 34.89885403541848,
    "peak_mem_mb": 2293.303956,
    "vag_ms": 35.91793752275407,
    "fwd_ms": 16.882791533134878
  },
  "mp0-small/Si512": {
    "natoms": 512,
    "e2e_ms": 82.30585453566164,
    "peak_mem_mb": 3806.658672,
    "vag_ms": 85.24154155747965,
    "fwd_ms": 39.37127097742632
  },
  "mp0-small/Si1000": {
    "natoms": 1000,
    "e2e_ms": 165.37818749202415,
    "peak_mem_mb": 6989.630428,
    "vag_ms": 170.1828120276332,
    "fwd_ms": 77.98129151342437
  },
  "mp0-small/Si2000": {
    "natoms": 2000,
    "e2e_ms": 333.56322901090607,
    "peak_mem_mb": 12577.772656,
    "vag_ms": 344.30858347332105,
    "fwd_ms": 157.50235394807532
  },
  "mpa0-medium/water3": {
    "natoms": 3,
    "e2e_ms": 2.566520997788757,
    "peak_mem_mb": 257.78901,
    "vag_ms": 2.594833029434085,
    "fwd_ms": 1.6044580261223018
  },
  "mpa0-medium/Si64": {
    "natoms": 64,
    "e2e_ms": 32.298063044436276,
    "peak_mem_mb": 2189.267292,
    "vag_ms": 32.58243756135926,
    "fwd_ms": 14.111978991422802
  },
  "mpa0-medium/Cu108": {
    "natoms": 108,
    "e2e_ms": 80.42820799164474,
    "peak_mem_mb": 3428.387368,
    "vag_ms": 82.47795852366835,
    "fwd_ms": 31.18364600231871
  },
  "mpa0-medium/Si216": {
    "natoms": 216,
    "e2e_ms": 106.27429152373224,
    "peak_mem_mb": 4855.421016,
    "vag_ms": 107.9243749845773,
    "fwd_ms": 46.45716701634228
  },
  "mpa0-medium/Si512": {
    "natoms": 512,
    "e2e_ms": 253.32062499364838,
    "peak_mem_mb": 10658.534344,
    "vag_ms": 258.6945415241644,
    "fwd_ms": 112.24089551251382
  },
  "mpa0-medium/Si1000": {
    "natoms": 1000,
    "e2e_ms": 502.82806251198053,
    "peak_mem_mb": 19257.939952,
    "vag_ms": 512.8780630184337,
    "fwd_ms": 222.91272901929915
  },
  "mpa0-medium/Si2000": {
    "natoms": 2000,
    "e2e_ms": 1240.5263124965131,
    "peak_mem_mb": 38003.776536,
    "vag_ms": 1265.5976039823145,
    "fwd_ms": 457.7926664496772
  },
  "mp0-large/Si64": {
    "natoms": 64,
    "e2e_ms": 48.48493752069771,
    "peak_mem_mb": 3333.240128,
    "vag_ms": 48.5995210474357,
    "fwd_ms": 23.513229098170996
  },
  "mp0-large/Si512": {
    "natoms": 512,
    "e2e_ms": 388.2545624510385,
    "peak_mem_mb": 16804.348692,
    "vag_ms": 390.8949165488593,
    "fwd_ms": 190.0559375062585
  }
}