{
 "cu111": {
  "natoms": 864,
  "elements": [
   "Cu"
  ],
  "temp_K": 300.0,
  "initial": {
   "de_mev_atom": -0.0006808657373211543,
   "df_max": 1.631407938503478e-05,
   "df_rms": 4.265587155296495e-06,
   "f_rms": 0.025996184988255552
  },
  "nve": {
   "drift": -0.0004837210471401687,
   "fluct": 0.00046997063347663557,
   "ms_per_step": 169.20667180655678,
   "dmin": 2.3281443452980333,
   "max_disp": 0.2871011393908134,
   "evaporated": 0
  },
  "nvt": {
   "T_mean": 301.3097087051264,
   "T_std": 8.12011999358498,
   "ms_per_step": 169.48933433415368,
   "dmin": 2.2813014635666815,
   "max_disp": 0.4529704180550276,
   "evaporated": 0
  },
  "final": {
   "de_mev_atom": -0.0010146973408011574,
   "df_max": 2.0400189567615357e-05,
   "df_rms": 4.076729323134676e-06,
   "f_rms": 0.41352294529162553
  }
 },
 "si100": {
  "natoms": 384,
  "elements": [
   "Si"
  ],
  "temp_K": 300.0,
  "initial": {
   "de_mev_atom": -0.0011161824578683384,
   "df_max": 1.5181512030966818e-05,
   "df_rms": 5.135100814604606e-06,
   "f_rms": 0.10708933512987973
  },
  "nve": {
   "drift": 0.0036960762236562905,
   "fluct": 0.006233957490597229,
   "ms_per_step": 55.77399763841337,
   "dmin": 2.10463962280416,
   "max_disp": 1.6773441118483319,
   "evaporated": 0
  },
  "nvt": {
   "T_mean": 291.2051752471614,
   "T_std": 10.732686061160118,
   "ms_per_step": 55.2093543340452,
   "dmin": 2.216078481003802,
   "max_disp": 1.7291123003434334,
   "evaporated": 0
  },
  "final": {
   "de_mev_atom": -0.0005924156549023488,
   "df_max": 2.2160558464795477e-05,
   "df_rms": 5.725134197874246e-06,
   "f_rms": 0.43536853168407796
  }
 },
 "mgo100": {
  "natoms": 1000,
  "elements": [
   "Mg",
   "O"
  ],
  "temp_K": 300.0,
  "initial": {
   "de_mev_atom": -3.7147116927371826e-05,
   "df_max": 3.033308047384331e-05,
   "df_rms": 9.875150075182598e-06,
   "f_rms": 0.1099788488075475
  },
  "nve": {
   "drift": -0.0026796932416292994,
   "fluct": 0.0010126330208923414,
   "ms_per_step": 275.65094708329224,
   "dmin": 1.941192957706072,
   "max_disp": 0.38740946382650066,
   "evaporated": 0
  },
  "nvt": {
   "T_mean": 295.306613651708,
   "T_std": 6.596754640194804,
   "ms_per_step": 304.00440791784786,
   "dmin": 1.9062610489214722,
   "max_disp": 0.6147037536039051,
   "evaporated": 0
  },
  "final": {
   "de_mev_atom": -0.0013089978892821819,
   "df_max": 2.363680962924608e-05,
   "df_rms": 5.412852917497148e-06,
   "f_rms": 0.5242090908056953
  }
 },
 "tio2_110": {
  "natoms": 576,
  "elements": [
   "O",
   "Ti"
  ],
  "temp_K": 300.0,
  "initial": {
   "de_mev_atom": -0.00211750781255028,
   "df_max": 4.119015426873318e-05,
   "df_rms": 8.410777574972803e-06,
   "f_rms": 0.7440061809760332
  },
  "nve": {
   "drift": -0.0014229981409620794,
   "fluct": 0.015708584819007568,
   "ms_per_step": 143.43289715334927,
   "dmin": 1.1017349461028527,
   "max_disp": 7.1755380579662535,
   "evaporated": 2
  },
  "nvt": {
   "T_mean": 299.77943807606715,
   "T_std": 9.927094011723261,
   "ms_per_step": 147.57961483416148,
   "dmin": 1.2263913336520795,
   "max_disp": 8.302316851917887,
   "evaporated": 2
  },
  "final": {
   "de_mev_atom": -0.0018143342480748793,
   "df_max": 7.097784327747547e-05,
   "df_rms": 1.0372193676128088e-05,
   "f_rms": 0.5777580226328831
  }
 },
 "cu111_big": {
  "natoms": 2560,
  "elements": [
   "Cu"
  ],
  "temp_K": 300.0,
  "initial": {
   "de_mev_atom": -0.0005110608569225406,
   "df_max": 1.7679209124111858e-05,
   "df_rms": 5.586329591126434e-06,
   "f_rms": 0.019571339851173642
  },
  "nve": {
   "drift": 0.000571341816551814,
   "fluct": 0.0004607929372042764,
   "ms_per_step": 596.4714803482639,
   "dmin": 2.3465340287589407,
   "max_disp": 0.40575257030823053,
   "evaporated": 0
  },
  "nvt": {
   "T_mean": 301.645752428187,
   "T_std": 4.380425531227805,
   "ms_per_step": 535.6610488339793,
   "dmin": 2.26642977878539,
   "max_disp": 0.47305326681793325,
   "evaporated": 0
  },
  "final": {
   "de_mev_atom": -0.0005864700518998234,
   "df_max": 3.216045383430677e-05,
   "df_rms": 5.194049519747968e-06,
   "f_rms": 0.41465621350947
  }
 },
 "version_speed_md_ms_per_step": {
  "note": "MD-loop timing (VelocityVerlet, warmup 5 + 40 steps), medium-mpa-0 fp32; peak memory MB in parens",
  "mgo100_1000atoms": {
   "v0.3.0": [
    990.5,
    31521
   ],
   "v0.4.0": [
    818.5,
    23303
   ],
   "v0.5.0": [
    238.0,
    9129
   ]
  },
  "cu111_big_2560atoms": {
   "v0.3.0": [
    5051.9,
    53614
   ],
   "v0.4.0": [
    1759.0,
    42993
   ],
   "v0.5.0": [
    481.7,
    13462
   ]
  }
 }
}