{
 "scx/lout0/b1000/fwd/c/ref": {
  "ms": 6.336583523079753,
  "peak_mb": 406.916252
 },
 "scx/lout0/b1000/fwd/c/fused": {
  "ms": 5.3716665133833885,
  "peak_mb": 356.225904
 },
 "scx/lout0/b1000/fwdbwd/c/ref": {
  "ms": 13.371104549150914,
  "peak_mb": 621.973156
 },
 "scx/lout0/b1000/fwdbwd/c/fused": {
  "ms": 11.350625078193843,
  "peak_mb": 571.282808
 },
 "scx/lout1/b1000/fwd/c/ref": {
  "ms": 20.361292001325637,
  "peak_mb": 1124.137736
 },
 "scx/lout1/b1000/fwd/c/fused": {
  "ms": 18.140583590138704,
  "peak_mb": 1004.833452
 },
 "scx/lout1/b1000/fwdbwd/c/ref": {
  "ms": 41.32812545867637,
  "peak_mb": 1687.35464
 },
 "scx/lout1/b1000/fwdbwd/c/fused": {
  "ms": 36.46343748550862,
  "peak_mb": 1568.050356
 },
 "mul21/E46000/fwd/c/ref": {
  "ms": 66.88654149184003,
  "peak_mb": 4626.516056
 },
 "mul21/E46000/fwd/c/fused": {
  "ms": 7.1773125091567636,
  "peak_mb": 2240.350296
 },
 "mul21/E46000/fwdbwd/c/ref": {
  "ms": 266.65072957985103,
  "peak_mb": 11187.161184
 },
 "mul21/E46000/fwdbwd/c/fused": {
  "ms": 37.20545850228518,
  "peak_mb": 3531.327584
 },
 "e2e/medium-mpa-0/Si1000/float32/ref": {
  "ms": 381.53027096996084,
  "peak_mb": 10659.079932,
  "energy_eV": -5368.419921875,
  "fmax": 3.1093780994415283,
  "natoms": 1000
 },
 "e2e/medium-mpa-0/Si1000/float32/scx": {
  "ms": 374.65291703119874,
  "peak_mb": 10526.983388,
  "energy_eV": -5368.419921875,
  "fmax": 3.10937762260437,
  "natoms": 1000
 },
 "e2e/medium-mpa-0/Si1000/float32/mul21": {
  "ms": 153.12997897854075,
  "peak_mb": 4973.635324,
  "energy_eV": -5368.419921875,
  "fmax": 3.109376907348633,
  "natoms": 1000
 },
 "e2e/medium-mpa-0/Si1000/float32/both": {
  "ms": 145.74422949226573,
  "peak_mb": 5315.134684,
  "energy_eV": -5368.419921875,
  "fmax": 3.109376907348633,
  "natoms": 1000
 },
 "e2e/medium-mpa-0/Si2000/float32/ref": {
  "ms": 772.532292001415,
  "peak_mb": 21248.74582,
  "energy_eV": -10739.388671875,
  "fmax": 2.6914563179016113,
  "natoms": 2000
 },
 "e2e/medium-mpa-0/Si2000/float32/both": {
  "ms": 293.9398334710859,
  "peak_mb": 8224.522044,
  "energy_eV": -10739.388671875,
  "fmax": 2.691458225250244,
  "natoms": 2000
 }
}